<?xml version="1.0" encoding="UTF-8"?>
<project-private xmlns="http://www.netbeans.org/ns/project-private/1">
    <editor-bookmarks xmlns="http://www.netbeans.org/ns/editor-bookmarks/2" lastBookmarkId="0"/>
    <open-files xmlns="http://www.netbeans.org/ns/projectui-open-files/2">
        <group>
            <file>file:/D:/Documents/NetBeansProjects/Assignment7/Assignment7/src/assignment7/Node.java</file>
            <file>file:/D:/Documents/NetBeansProjects/Assignment7/Assignment7/src/assignment7/IAVLTree.java</file>
            <file>file:/D:/Documents/NetBeansProjects/Assignment7/Assignment7/src/assignment7/myAVLTree.java</file>
            <file>file:/D:/Documents/NetBeansProjects/Assignment7/Assignment7/src/assignment7/A7GUI.java</file>
        </group>
    </open-files>
</project-private>
